onset	duration	trial_type	PresentedStimulusArrowDirection	ReactionTime	SubjectResponseButton	SubjectResponseButtonCode	SubjectResponseCorrectness	TrialOutcome	StopSignalDelay	LadderNumber	LadderTime	LadderMovement	TimeCourse	onset_noTriggerAdjust	TimeCourse_noTriggerAdjust
2.01429630300117	1.5	STOP	LEFT	0	n/a	0	IncorrectResponse	SuccessfulStop	0.454931663000025	2	450	1	2	0.0142963030011742	0
2	0.875	NULL	BLANKSCREEN	0	n/a	0	n/a	n/a	0	0	0	0	3.5	0	1.5
4.38060932799999	1.5	STOP	RIGHT	0.346368680000523	RIGHT	28	CorrectResponse	UnsuccessfulStop	0	1	350	-1	4.375	2.38060932799999	2.375
2	3.625	NULL	BLANKSCREEN	0	n/a	0	n/a	n/a	0	0	0	0	5.875	0	3.875
9.51016793700001	1.5	GO	RIGHT	0.486371303999476	RIGHT	28	CorrectResponse	SuccessfulGo	0	0	0	0	9.5	7.51016793700001	7.5
2	0.875	NULL	BLANKSCREEN	0	n/a	0	n/a	n/a	0	0	0	0	11	0	9
11.8929909800008	1.5	GO	RIGHT	0.455233847000272	RIGHT	28	CorrectResponse	SuccessfulGo	0	0	0	0	11.875	9.89299098000083	9.875
2	0.75	NULL	BLANKSCREEN	0	n/a	0	n/a	n/a	0	0	0	0	13.375	0	11.375
14.1434051880005	1.5	GO	LEFT	0.454930055999284	LEFT	5	CorrectResponse	SuccessfulGo	0	0	0	0	14.125	12.1434051880005	12.125
2	2	NULL	BLANKSCREEN	0	n/a	0	n/a	n/a	0	0	0	0	15.625	0	13.625
17.6344823840009	1.5	GO	LEFT	0.409703637000348	LEFT	5	CorrectResponse	SuccessfulGo	0	0	0	0	17.625	15.6344823840009	15.625
2	1.25	NULL	BLANKSCREEN	0	n/a	0	n/a	n/a	0	0	0	0	19.125	0	17.125
20.381453213	1.5	GO	LEFT	0.398067722999258	LEFT	5	CorrectResponse	SuccessfulGo	0	0	0	0	20.375	18.381453213	18.375
2	0.625	NULL	BLANKSCREEN	0	n/a	0	n/a	n/a	0	0	0	0	21.875	0	19.875
22.5159785290016	1.5	GO	RIGHT	0.383696783999767	RIGHT	28	CorrectResponse	SuccessfulGo	0	0	0	0	22.5	20.5159785290016	20.5
2	0.875	NULL	BLANKSCREEN	0	n/a	0	n/a	n/a	0	0	0	0	24	0	22
24.8822138200012	1.5	GO	LEFT	0.426680815000509	LEFT	5	CorrectResponse	SuccessfulGo	0	0	0	0	24.875	22.8822138200012	22.875
2	0.75	NULL	BLANKSCREEN	0	n/a	0	n/a	n/a	0	0	0	0	26.375	0	24.375
27.1324842580016	1.5	GO	LEFT	0.55959870299921	LEFT	5	CorrectResponse	SuccessfulGo	0	0	0	0	27.125	25.1324842580016	25.125
2	1.5	NULL	BLANKSCREEN	0	n/a	0	n/a	n/a	0	0	0	0	28.625	0	26.625
30.127524513	1.5	GO	LEFT	0.432101141999738	LEFT	5	CorrectResponse	SuccessfulGo	0	0	0	0	30.125	28.127524513	28.125
2	1.625	NULL	BLANKSCREEN	0	n/a	0	n/a	n/a	0	0	0	0	31.625	0	29.625
33.254997303	1.5	GO	RIGHT	0.502518332999898	RIGHT	28	CorrectResponse	SuccessfulGo	0	0	0	0	33.25	31.254997303	31.25
2	0.875	NULL	BLANKSCREEN	0	n/a	0	n/a	n/a	0	0	0	0	34.75	0	32.75
35.6376849010012	1.5	GO	RIGHT	0.358230637000815	RIGHT	28	CorrectResponse	SuccessfulGo	0	0	0	0	35.625	33.6376849010012	33.625
2	1.5	NULL	BLANKSCREEN	0	n/a	0	n/a	n/a	0	0	0	0	37.125	0	35.125
38.6326434250004	1.5	GO	RIGHT	0.426543997999033	RIGHT	28	CorrectResponse	SuccessfulGo	0	0	0	0	38.625	36.6326434250004	36.625
2	0.75	NULL	BLANKSCREEN	0	n/a	0	n/a	n/a	0	0	0	0	40.125	0	38.125
40.8830781640008	1.5	STOP	LEFT	0.552523652000673	LEFT	5	CorrectResponse	UnsuccessfulStop	0.500508614000864	2	500	-1	40.875	38.8830781640008	38.875
2	1.375	NULL	BLANKSCREEN	0	n/a	0	n/a	n/a	0	0	0	0	42.375	0	40.375
43.7621444060005	1.5	STOP	RIGHT	0.403098684000724	LEFT	5	IncorrectResponse	UnsuccessfulStop	0.302763662999496	1	300	-1	43.75	41.7621444060005	41.75
2	0.75	NULL	BLANKSCREEN	0	n/a	0	n/a	n/a	0	0	0	0	45.25	0	43.25
46.0125708390005	1.5	GO	RIGHT	0.551198040999225	RIGHT	28	CorrectResponse	SuccessfulGo	0	0	0	0	46	44.0125708390005	44
2	1.75	NULL	BLANKSCREEN	0	n/a	0	n/a	n/a	0	0	0	0	47.5	0	45.5
49.255658438	1.5	GO	LEFT	0.452563621000081	LEFT	5	CorrectResponse	SuccessfulGo	0	0	0	0	49.25	47.255658438	47.25
2	0.875	NULL	BLANKSCREEN	0	n/a	0	n/a	n/a	0	0	0	0	50.75	0	48.75
51.6384939090003	1.5	GO	LEFT	0.38946016799855	LEFT	5	CorrectResponse	SuccessfulGo	0	0	0	0	51.625	49.6384939090003	49.625
2	1.625	NULL	BLANKSCREEN	0	n/a	0	n/a	n/a	0	0	0	0	53.125	0	51.125
54.7659578840012	1.5	GO	LEFT	0.366187109000748	LEFT	5	CorrectResponse	SuccessfulGo	0	0	0	0	54.75	52.7659578840012	52.75
2	0.875	NULL	BLANKSCREEN	0	n/a	0	n/a	n/a	0	0	0	0	56.25	0	54.25
57.1320462020012	1.5	GO	RIGHT	0.402818528000353	RIGHT	28	CorrectResponse	SuccessfulGo	0	0	0	0	57.125	55.1320462020012	55.125
2	1.625	NULL	BLANKSCREEN	0	n/a	0	n/a	n/a	0	0	0	0	58.625	0	56.625
60.2594535850003	1.5	GO	RIGHT	0.436396694998621	RIGHT	28	CorrectResponse	SuccessfulGo	0	0	0	0	60.25	58.2594535850003	58.25
2	0.625	NULL	BLANKSCREEN	0	n/a	0	n/a	n/a	0	0	0	0	61.75	0	59.75
62.3774076540012	1.5	STOP	LEFT	0.540174055999159	LEFT	5	CorrectResponse	UnsuccessfulStop	0.454865081999742	2	450	-1	62.375	60.3774076540012	60.375
2	0.875	NULL	BLANKSCREEN	0	n/a	0	n/a	n/a	0	0	0	0	63.875	0	61.875
64.7602347550001	1.5	STOP	RIGHT	0	n/a	0	IncorrectResponse	SuccessfulStop	0.250843630001327	1	250	1	64.75	62.7602347550001	62.75
2	0.5	NULL	BLANKSCREEN	0	n/a	0	n/a	n/a	0	0	0	0	66.25	0	64.25
66.8120289409999	1.5	STOP	LEFT	0	n/a	0	IncorrectResponse	SuccessfulStop	0.303545978998955	1	300	1	66.75	64.8120289409999	64.75
2	0.5	NULL	BLANKSCREEN	0	n/a	0	n/a	n/a	0	0	0	0	68.25	0	66.25
68.8639457260015	1.5	GO	LEFT	0.610855607999838	LEFT	5	CorrectResponse	SuccessfulGo	0	0	0	0	68.75	66.8639457260015	66.75
2	2.125	NULL	BLANKSCREEN	0	n/a	0	n/a	n/a	0	0	0	0	70.25	0	68.25
72.3884032750011	1.5	GO	LEFT	0.422762096999577	LEFT	5	CorrectResponse	SuccessfulGo	0	0	0	0	72.375	70.3884032750011	70.375
2	0.625	NULL	BLANKSCREEN	0	n/a	0	n/a	n/a	0	0	0	0	73.875	0	71.875
74.5063097940001	1.5	STOP	RIGHT	0	n/a	0	IncorrectResponse	SuccessfulStop	0.401077935001013	2	400	1	74.5	72.5063097940001	72.5
2	1.625	NULL	BLANKSCREEN	0	n/a	0	n/a	n/a	0	0	0	0	76	0	74
77.6334861250016	1.5	GO	RIGHT	0.846414994000952	RIGHT	28	CorrectResponse	SuccessfulGo	0	0	0	0	77.625	75.6334861250016	75.625
2	1.625	NULL	BLANKSCREEN	0	n/a	0	n/a	n/a	0	0	0	0	79.125	0	77.125
80.7611484190002	1.5	GO	RIGHT	0.475231164000434	RIGHT	28	CorrectResponse	SuccessfulGo	0	0	0	0	80.75	78.7611484190002	78.75
2	0.5	NULL	BLANKSCREEN	0	n/a	0	n/a	n/a	0	0	0	0	82.25	0	80.25
82.7631878820011	1.5	GO	RIGHT	0.496598445999552	RIGHT	28	CorrectResponse	SuccessfulGo	0	0	0	0	82.75	80.7631878820011	80.75
2	1	NULL	BLANKSCREEN	0	n/a	0	n/a	n/a	0	0	0	0	84.25	0	82.25
85.2617360230015	1.5	GO	LEFT	0.383878934000677	LEFT	5	CorrectResponse	SuccessfulGo	0	0	0	0	85.25	83.2617360230015	83.25
2	0.75	NULL	BLANKSCREEN	0	n/a	0	n/a	n/a	0	0	0	0	86.75	0	84.75
87.5120412280012	1.5	GO	LEFT	0.511586005999561	LEFT	5	CorrectResponse	SuccessfulGo	0	0	0	0	87.5	85.5120412280012	85.5
2	3.125	NULL	BLANKSCREEN	0	n/a	0	n/a	n/a	0	0	0	0	89	0	87
92.1286383540009	1.5	STOP	RIGHT	0	n/a	0	IncorrectResponse	SuccessfulStop	0.353506714000105	1	350	1	92.125	90.1286383540009	90.125
2	0.5	NULL	BLANKSCREEN	0	n/a	0	n/a	n/a	0	0	0	0	93.625	0	91.625
94.1807031480002	1.5	GO	LEFT	0.559434910999698	LEFT	5	CorrectResponse	SuccessfulGo	0	0	0	0	94.125	92.1807031480002	92.125
2	0.625	NULL	BLANKSCREEN	0	n/a	0	n/a	n/a	0	0	0	0	95.625	0	93.625
96.2654857070011	1.5	GO	RIGHT	0.401656829000785	RIGHT	28	CorrectResponse	SuccessfulGo	0	0	0	0	96.25	94.2654857070011	94.25
2	0.5	NULL	BLANKSCREEN	0	n/a	0	n/a	n/a	0	0	0	0	97.75	0	95.75
98.2675902629999	1.5	GO	RIGHT	0.489299884999127	RIGHT	28	CorrectResponse	SuccessfulGo	0	0	0	0	98.25	96.2675902629999	96.25
2	0.625	NULL	BLANKSCREEN	0	n/a	0	n/a	n/a	0	0	0	0	99.75	0	97.75
100.385552319001	1.5	GO	RIGHT	0.362130997000349	RIGHT	28	CorrectResponse	SuccessfulGo	0	0	0	0	100.375	98.3855523190014	98.375
2	0.75	NULL	BLANKSCREEN	0	n/a	0	n/a	n/a	0	0	0	0	101.875	0	99.875
102.636063345	1.5	GO	LEFT	0.559443728998303	LEFT	5	CorrectResponse	SuccessfulGo	0	0	0	0	102.625	100.636063345	100.625
2	1.5	NULL	BLANKSCREEN	0	n/a	0	n/a	n/a	0	0	0	0	104.125	0	102.125
105.630941105001	1.5	STOP	LEFT	0.329183077999915	LEFT	5	CorrectResponse	UnsuccessfulStop	0	2	450	-1	105.625	103.630941105001	103.625
2	1.625	NULL	BLANKSCREEN	0	n/a	0	n/a	n/a	0	0	0	0	107.125	0	105.125
108.758320630001	1.5	GO	LEFT	0.391091942001367	LEFT	5	CorrectResponse	SuccessfulGo	0	0	0	0	108.75	106.758320630001	106.75
2	0.5	NULL	BLANKSCREEN	0	n/a	0	n/a	n/a	0	0	0	0	110.25	0	108.25
110.76037331	1.5	STOP	RIGHT	0	n/a	0	IncorrectResponse	SuccessfulStop	0.401263367000865	2	400	1	110.75	108.76037331	108.75
2	0.5	NULL	BLANKSCREEN	0	n/a	0	n/a	n/a	0	0	0	0	112.25	0	110.25
112.812385027	1.5	GO	LEFT	0.523513948999607	LEFT	5	CorrectResponse	SuccessfulGo	0	0	0	0	112.75	110.812385027	110.75
2	0.5	NULL	BLANKSCREEN	0	n/a	0	n/a	n/a	0	0	0	0	114.25	0	112.25
114.764854282001	1.5	GO	RIGHT	0.661483507999947	RIGHT	28	CorrectResponse	SuccessfulGo	0	0	0	0	114.75	112.764854282001	112.75
2	1.125	NULL	BLANKSCREEN	0	n/a	0	n/a	n/a	0	0	0	0	116.25	0	114.25
117.379208832001	1.5	GO	RIGHT	0.425829339999837	RIGHT	28	CorrectResponse	SuccessfulGo	0	0	0	0	117.375	115.379208832001	115.375
2	2.125	NULL	BLANKSCREEN	0	n/a	0	n/a	n/a	0	0	0	0	118.875	0	116.875
121.00305311	1.5	GO	RIGHT	0.418014397000661	RIGHT	28	CorrectResponse	SuccessfulGo	0	0	0	0	121	119.00305311	119
2	1.375	NULL	BLANKSCREEN	0	n/a	0	n/a	n/a	0	0	0	0	122.5	0	120.5
123.882310826	1.5	GO	LEFT	0.506976269000006	LEFT	5	CorrectResponse	SuccessfulGo	0	0	0	0	123.875	121.882310826	121.875
2	0.5	NULL	BLANKSCREEN	0	n/a	0	n/a	n/a	0	0	0	0	125.375	0	123.375
125.884309863	1.5	STOP	LEFT	0.497518352000043	LEFT	5	CorrectResponse	UnsuccessfulStop	0.402384965000238	1	400	-1	125.875	123.884309863	123.875
2	1.375	NULL	BLANKSCREEN	0	n/a	0	n/a	n/a	0	0	0	0	127.375	0	125.375
128.763588947	1.5	GO	LEFT	0.439840365001146	LEFT	5	CorrectResponse	SuccessfulGo	0	0	0	0	128.75	126.763588947	126.75
2	0.875	NULL	BLANKSCREEN	0	n/a	0	n/a	n/a	0	0	0	0	130.25	0	128.25
131.129623443001	1.5	GO	LEFT	0.451074983000581	LEFT	5	CorrectResponse	SuccessfulGo	0	0	0	0	131.125	129.129623443001	129.125
2	1	NULL	BLANKSCREEN	0	n/a	0	n/a	n/a	0	0	0	0	132.625	0	130.625
133.628242413	1.5	GO	RIGHT	0.302776110000195	RIGHT	28	CorrectResponse	SuccessfulGo	0	0	0	0	133.625	131.628242413	131.625
2	0.5	NULL	BLANKSCREEN	0	n/a	0	n/a	n/a	0	0	0	0	135.125	0	133.125
135.630537180001	1.5	GO	LEFT	0.301723644000958	LEFT	5	CorrectResponse	SuccessfulGo	0	0	0	0	135.625	133.630537180001	133.625
2	0.5	NULL	BLANKSCREEN	0	n/a	0	n/a	n/a	0	0	0	0	137.125	0	135.125
137.632627068	1.5	STOP	RIGHT	0.468204144999618	RIGHT	28	CorrectResponse	UnsuccessfulStop	0.351697627000249	1	350	-1	137.625	135.632627068	135.625
2	2.625	NULL	BLANKSCREEN	0	n/a	0	n/a	n/a	0	0	0	0	139.125	0	137.125
141.752832058	1.5	GO	RIGHT	0.434692197000913	RIGHT	28	CorrectResponse	SuccessfulGo	0	0	0	0	141.75	139.752832058	139.75
2	2	NULL	BLANKSCREEN	0	n/a	0	n/a	n/a	0	0	0	0	143.25	0	141.25
145.260858742	1.5	STOP	LEFT	0.382802946998709	LEFT	5	CorrectResponse	UnsuccessfulStop	0	2	450	-1	145.25	143.260858742	143.25
2	0.75	NULL	BLANKSCREEN	0	n/a	0	n/a	n/a	0	0	0	0	146.75	0	144.75
147.511191023001	1.5	GO	RIGHT	0.678149755000049	RIGHT	28	CorrectResponse	SuccessfulGo	0	0	0	0	147.5	145.511191023001	145.5
2	1.25	NULL	BLANKSCREEN	0	n/a	0	n/a	n/a	0	0	0	0	149	0	147
150.257971633	1.5	GO	RIGHT	0.35329178199936	RIGHT	28	CorrectResponse	SuccessfulGo	0	0	0	0	150.25	148.257971633	148.25
2	0.5	NULL	BLANKSCREEN	0	n/a	0	n/a	n/a	0	0	0	0	151.75	0	149.75
152.260127913001	1.5	GO	RIGHT	0.375600039000346	RIGHT	28	CorrectResponse	SuccessfulGo	0	0	0	0	152.25	150.260127913001	150.25
2	0.5	NULL	BLANKSCREEN	0	n/a	0	n/a	n/a	0	0	0	0	153.75	0	151.75
154.262358559001	1.5	GO	LEFT	0.341423007999765	LEFT	5	CorrectResponse	SuccessfulGo	0	0	0	0	154.25	152.262358559001	152.25
2	3.75	NULL	BLANKSCREEN	0	n/a	0	n/a	n/a	0	0	0	0	155.75	0	153.75
159.507698880001	1.5	STOP	RIGHT	0.361521954000636	RIGHT	28	CorrectResponse	UnsuccessfulStop	0.301815150000039	1	300	-1	159.5	157.507698880001	157.5
2	1.875	NULL	BLANKSCREEN	0	n/a	0	n/a	n/a	0	0	0	0	161	0	159
162.883127944	1.5	GO	LEFT	0.55272865400002	LEFT	5	CorrectResponse	SuccessfulGo	0	0	0	0	162.875	160.883127944	160.875
2	0.75	NULL	BLANKSCREEN	0	n/a	0	n/a	n/a	0	0	0	0	164.375	0	162.375
165.133538481001	1.5	GO	RIGHT	0.375101884001197	RIGHT	28	CorrectResponse	SuccessfulGo	0	0	0	0	165.125	163.133538481001	163.125
2	0.5	NULL	BLANKSCREEN	0	n/a	0	n/a	n/a	0	0	0	0	166.625	0	164.625
167.135758081	1.5	GO	LEFT	0.359682010999677	LEFT	5	CorrectResponse	SuccessfulGo	0	0	0	0	167.125	165.135758081	165.125
2	2.875	NULL	BLANKSCREEN	0	n/a	0	n/a	n/a	0	0	0	0	168.625	0	166.625
171.504104321	1.5	STOP	LEFT	0.348013912998795	LEFT	5	CorrectResponse	UnsuccessfulStop	0	2	400	-1	171.5	169.504104321	169.5
2	0.625	NULL	BLANKSCREEN	0	n/a	0	n/a	n/a	0	0	0	0	173	0	171
173.638744915001	1.5	STOP	LEFT	0.445245400000204	LEFT	5	CorrectResponse	UnsuccessfulStop	0.352116681999178	2	350	-1	173.625	171.638744915001	171.625
2	3.25	NULL	BLANKSCREEN	0	n/a	0	n/a	n/a	0	0	0	0	175.125	0	173.125
178.387454794001	1.5	GO	LEFT	0.417292005999116	LEFT	5	CorrectResponse	SuccessfulGo	0	0	0	0	178.375	176.387454794001	176.375
2	2.875	NULL	BLANKSCREEN	0	n/a	0	n/a	n/a	0	0	0	0	179.875	0	177.875
182.755999513001	1.5	STOP	RIGHT	0.430956565000088	RIGHT	28	CorrectResponse	UnsuccessfulStop	0.252089744000841	1	250	-1	182.75	180.755999513001	180.75
2	1.5	NULL	BLANKSCREEN	0	n/a	0	n/a	n/a	0	0	0	0	184.25	0	182.25
185.767509986001	1.5	GO	RIGHT	0.568914027000574	RIGHT	28	CorrectResponse	SuccessfulGo	0	0	0	0	185.75	183.767509986001	183.75
2	0.625	NULL	BLANKSCREEN	0	n/a	0	n/a	n/a	0	0	0	0	187.25	0	185.25
187.885638756001	1.5	GO	LEFT	0.447197493998829	LEFT	5	CorrectResponse	SuccessfulGo	0	0	0	0	187.875	185.885638756001	185.875
2	2.5	NULL	BLANKSCREEN	0	n/a	0	n/a	n/a	0	0	0	0	189.375	0	187.375
191.889943988001	1.5	GO	LEFT	0.449948596000468	LEFT	5	CorrectResponse	SuccessfulGo	0	0	0	0	191.875	189.889943988001	189.875
2	0.75	NULL	BLANKSCREEN	0	n/a	0	n/a	n/a	0	0	0	0	193.375	0	191.375
194.140275621001	1.5	GO	RIGHT	0.615890699000374	RIGHT	28	CorrectResponse	SuccessfulGo	0	0	0	0	194.125	192.140275621001	192.125
2	2.375	NULL	BLANKSCREEN	0	n/a	0	n/a	n/a	0	0	0	0	195.625	0	193.625
198.012302308001	1.5	GO	RIGHT	0.395321555999544	RIGHT	28	CorrectResponse	SuccessfulGo	0	0	0	0	198	196.012302308001	196
2	0.5	NULL	BLANKSCREEN	0	n/a	0	n/a	n/a	0	0	0	0	199.5	0	197.5
200.014439453	1.5	GO	LEFT	0.405634893999377	LEFT	5	CorrectResponse	SuccessfulGo	0	0	0	0	200	198.014439453	198
2	1	NULL	BLANKSCREEN	0	n/a	0	n/a	n/a	0	0	0	0	201.5	0	199.5
202.513019433001	1.5	GO	LEFT	0.41846562200044	LEFT	5	CorrectResponse	SuccessfulGo	0	0	0	0	202.5	200.513019433001	200.5
2	1.75	NULL	BLANKSCREEN	0	n/a	0	n/a	n/a	0	0	0	0	204	0	202
205.756156176001	1.5	STOP	LEFT	0	n/a	0	IncorrectResponse	SuccessfulStop	0.204107346000455	1	200	1	205.75	203.756156176001	203.75
2	0.5	NULL	BLANKSCREEN	0	n/a	0	n/a	n/a	0	0	0	0	207.25	0	205.25
207.807846364001	1.5	STOP	RIGHT	0	n/a	0	IncorrectResponse	SuccessfulStop	0.301975067999592	2	300	1	207.75	205.807846364001	205.75
2	1.625	NULL	BLANKSCREEN	0	n/a	0	n/a	n/a	0	0	0	0	209.25	0	207.25
210.885650371001	1.5	GO	RIGHT	0.541396753000299	RIGHT	28	CorrectResponse	SuccessfulGo	0	0	0	0	210.875	208.885650371001	208.875
2	0.625	NULL	BLANKSCREEN	0	n/a	0	n/a	n/a	0	0	0	0	212.375	0	210.375
213.003789089	1.5	GO	LEFT	0.336538767998718	LEFT	5	CorrectResponse	SuccessfulGo	0	0	0	0	213	211.003789089	211
2	0.5	NULL	BLANKSCREEN	0	n/a	0	n/a	n/a	0	0	0	0	214.5	0	212.5
215.005953293001	1.5	GO	RIGHT	0.324708572001327	RIGHT	28	CorrectResponse	SuccessfulGo	0	0	0	0	215	213.005953293001	213
2	3	NULL	BLANKSCREEN	0	n/a	0	n/a	n/a	0	0	0	0	216.5	0	214.5
219.506665844001	1.5	GO	RIGHT	0.537886383999648	RIGHT	28	CorrectResponse	SuccessfulGo	0	0	0	0	219.5	217.506665844001	217.5
2	1.25	NULL	BLANKSCREEN	0	n/a	0	n/a	n/a	0	0	0	0	221	0	219
222.253468501001	1.5	GO	LEFT	0.463760176000505	LEFT	5	CorrectResponse	SuccessfulGo	0	0	0	0	222.25	220.253468501001	220.25
2	0.5	NULL	BLANKSCREEN	0	n/a	0	n/a	n/a	0	0	0	0	223.75	0	221.75
224.255577844	1.5	GO	RIGHT	0.416228162999687	RIGHT	28	CorrectResponse	SuccessfulGo	0	0	0	0	224.25	222.255577844	222.25
2	1.375	NULL	BLANKSCREEN	0	n/a	0	n/a	n/a	0	0	0	0	225.75	0	223.75
227.134878549001	1.5	GO	RIGHT	0.574824825000178	RIGHT	28	CorrectResponse	SuccessfulGo	0	0	0	0	227.125	225.134878549001	225.125
2	0.5	NULL	BLANKSCREEN	0	n/a	0	n/a	n/a	0	0	0	0	228.625	0	226.625
229.136887572	1.5	GO	LEFT	0.39621097700001	LEFT	5	CorrectResponse	SuccessfulGo	0	0	0	0	229.125	227.136887572	227.125
2	2.375	NULL	BLANKSCREEN	0	n/a	0	n/a	n/a	0	0	0	0	230.625	0	228.625
233.008980829001	1.5	GO	LEFT	0.395193873999233	LEFT	5	CorrectResponse	SuccessfulGo	0	0	0	0	233	231.008980829001	231
2	0.5	NULL	BLANKSCREEN	0	n/a	0	n/a	n/a	0	0	0	0	234.5	0	232.5
235.010974853001	1.5	GO	RIGHT	0.505524001000595	RIGHT	28	CorrectResponse	SuccessfulGo	0	0	0	0	235	233.010974853001	233
2	2.375	NULL	BLANKSCREEN	0	n/a	0	n/a	n/a	0	0	0	0	236.5	0	234.5
238.883095846	1.5	STOP	LEFT	0	n/a	0	IncorrectResponse	SuccessfulStop	0.252426259999993	1	250	1	238.875	236.883095846	236.875
2	1	NULL	BLANKSCREEN	0	n/a	0	n/a	n/a	0	0	0	0	240.375	0	238.375
241.381602472	1.5	STOP	RIGHT	0.452725328999804	RIGHT	28	CorrectResponse	UnsuccessfulStop	0.353954293001152	2	350	-1	241.375	239.381602472	239.375
2	0.625	NULL	BLANKSCREEN	0	n/a	0	n/a	n/a	0	0	0	0	242.875	0	240.875
243.516280273001	1.5	GO	RIGHT	0.529874977999498	RIGHT	28	CorrectResponse	SuccessfulGo	0	0	0	0	243.5	241.516280273001	241.5
2	2.875	NULL	BLANKSCREEN	0	n/a	0	n/a	n/a	0	0	0	0	245	0	243
247.884473521	1.5	STOP	RIGHT	0.399479043999236	RIGHT	28	CorrectResponse	UnsuccessfulStop	0.300861898000221	2	300	-1	247.875	245.884473521	245.875
2	1.125	NULL	BLANKSCREEN	0	n/a	0	n/a	n/a	0	0	0	0	249.375	0	247.375
250.515524947001	1.5	STOP	LEFT	0.336556307000137	LEFT	5	CorrectResponse	UnsuccessfulStop	0.303410985001392	1	300	-1	250.5	248.515524947001	248.5
2	1.375	NULL	BLANKSCREEN	0	n/a	0	n/a	n/a	0	0	0	0	252	0	250
253.378042992001	1.5	GO	LEFT	0.465132344999802	LEFT	5	CorrectResponse	SuccessfulGo	0	0	0	0	253.375	251.378042992001	251.375
2	1	NULL	BLANKSCREEN	0	n/a	0	n/a	n/a	0	0	0	0	254.875	0	252.875
255.893276637	1.5	GO	RIGHT	0.630111583001053	RIGHT	28	CorrectResponse	SuccessfulGo	0	0	0	0	255.875	253.893276637	253.875
2	1.25	NULL	BLANKSCREEN	0	n/a	0	n/a	n/a	0	0	0	0	257.375	0	255.375
258.639917032	1.5	GO	LEFT	0.451189898998564	LEFT	5	CorrectResponse	SuccessfulGo	0	0	0	0	258.625	256.639917032	256.625
2	0.75	NULL	BLANKSCREEN	0	n/a	0	n/a	n/a	0	0	0	0	260.125	0	258.125
260.890461782001	1.5	GO	RIGHT	0.371234587999425	RIGHT	28	CorrectResponse	SuccessfulGo	0	0	0	0	260.875	258.890461782001	258.875
2	0.625	NULL	BLANKSCREEN	0	n/a	0	n/a	n/a	0	0	0	0	262.375	0	260.375
263.008303707	1.5	GO	LEFT	0.613234196000121	LEFT	5	CorrectResponse	SuccessfulGo	0	0	0	0	263	261.008303707	261
2	0.75	NULL	BLANKSCREEN	0	n/a	0	n/a	n/a	0	0	0	0	264.5	0	262.5
265.258794069001	1.5	GO	RIGHT	0.434862972000701	RIGHT	28	CorrectResponse	SuccessfulGo	0	0	0	0	265.25	263.258794069001	263.25
2	1.625	NULL	BLANKSCREEN	0	n/a	0	n/a	n/a	0	0	0	0	266.75	0	264.75
268.386187242	1.5	GO	LEFT	0.563678145001177	LEFT	5	CorrectResponse	SuccessfulGo	0	0	0	0	268.375	266.386187242	266.375
2	3.625	NULL	BLANKSCREEN	0	n/a	0	n/a	n/a	0	0	0	0	269.875	0	267.875
273.515577984001	1.5	STOP	LEFT	0.351787649999096	LEFT	5	CorrectResponse	UnsuccessfulStop	0.254142648998823	1	250	-1	273.5	271.515577984001	271.5
2	0.75	NULL	BLANKSCREEN	0	n/a	0	n/a	n/a	0	0	0	0	275	0	273
275.766125672	1.5	STOP	RIGHT	0	n/a	0	IncorrectResponse	SuccessfulStop	0.253936623999834	2	250	1	275.75	273.766125672	273.75
2	2.5	NULL	BLANKSCREEN	0	n/a	0	n/a	n/a	0	0	0	0	277.25	0	275.25
279.753869464001	1.5	GO	LEFT	0.620067534000555	LEFT	5	CorrectResponse	SuccessfulGo	0	0	0	0	279.75	277.753869464001	277.75
2	0.5	NULL	BLANKSCREEN	0	n/a	0	n/a	n/a	0	0	0	0	281.25	0	279.25
281.755972418001	1.5	GO	RIGHT	0.433101687000089	RIGHT	28	CorrectResponse	SuccessfulGo	0	0	0	0	281.75	279.755972418001	279.75
2	0.75	NULL	BLANKSCREEN	0	n/a	0	n/a	n/a	0	0	0	0	283.25	0	281.25
284.006364235001	1.5	GO	RIGHT	0.565356986000552	RIGHT	28	CorrectResponse	SuccessfulGo	0	0	0	0	284	282.006364235001	282
2	1.375	NULL	BLANKSCREEN	0	n/a	0	n/a	n/a	0	0	0	0	285.5	0	283.5
286.885642977	1.5	GO	LEFT	0.461912292001216	LEFT	5	CorrectResponse	SuccessfulGo	0	0	0	0	286.875	284.885642977	284.875
2	3.625	NULL	BLANKSCREEN	0	n/a	0	n/a	n/a	0	0	0	0	288.375	0	286.375
292.015093461001	1.5	STOP	RIGHT	0	n/a	0	IncorrectResponse	SuccessfulStop	0.20298892000028	1	200	1	292	290.015093461001	290
2	1.875	NULL	BLANKSCREEN	0	n/a	0	n/a	n/a	0	0	0	0	293.5	0	291.5
295.390650840001	1.5	STOP	LEFT	0	n/a	0	IncorrectResponse	SuccessfulStop	0.302469659000053	2	300	1	295.375	293.390650840001	293.375
2	1.875	NULL	BLANKSCREEN	0	n/a	0	n/a	n/a	0	0	0	0	296.875	0	294.875
298.766279737001	1.5	GO	LEFT	0.53475374700065	LEFT	5	CorrectResponse	SuccessfulGo	0	0	0	0	298.75	296.766279737001	296.75
2	0.625	NULL	BLANKSCREEN	0	n/a	0	n/a	n/a	0	0	0	0	300.25	0	298.25
300.884193409001	1.5	GO	LEFT	0.521037544000137	LEFT	5	CorrectResponse	SuccessfulGo	0	0	0	0	300.875	298.884193409001	298.875
2	0.75	NULL	BLANKSCREEN	0	n/a	0	n/a	n/a	0	0	0	0	302.375	0	300.375
303.134635091001	1.5	GO	RIGHT	0.64496249900003	RIGHT	28	CorrectResponse	SuccessfulGo	0	0	0	0	303.125	301.134635091001	301.125
2	0.625	NULL	BLANKSCREEN	0	n/a	0	n/a	n/a	0	0	0	0	304.625	0	302.625
305.252630726001	1.5	GO	RIGHT	0.566942858000402	RIGHT	28	CorrectResponse	SuccessfulGo	0	0	0	0	305.25	303.252630726001	303.25
2	0.75	NULL	BLANKSCREEN	0	n/a	0	n/a	n/a	0	0	0	0	306.75	0	304.75
307.503035738	1.5	GO	RIGHT	0.48589576500126	RIGHT	28	CorrectResponse	SuccessfulGo	0	0	0	0	307.5	305.503035738	305.5
2	0.5	NULL	BLANKSCREEN	0	n/a	0	n/a	n/a	0	0	0	0	309	0	307
309.505169984001	1.5	GO	LEFT	0.830153300001257	LEFT	5	CorrectResponse	SuccessfulGo	0	0	0	0	309.5	307.505169984001	307.5
2	1	NULL	BLANKSCREEN	0	n/a	0	n/a	n/a	0	0	0	0	311	0	309
312.003703825001	1.5	GO	LEFT	0.495468318000349	RIGHT	28	IncorrectResponse	JUNK	0	0	0	0	312	310.003703825001	310
2	1.875	NULL	BLANKSCREEN	0	n/a	0	n/a	n/a	0	0	0	0	313.5	0	311.5
315.379343439001	1.5	STOP	RIGHT	0.568256496999311	RIGHT	28	CorrectResponse	UnsuccessfulStop	0.251236480999069	1	250	-1	315.375	313.379343439001	313.375
2	2.25	NULL	BLANKSCREEN	0	n/a	0	n/a	n/a	0	0	0	0	316.875	0	314.875
319.135396827001	1.5	GO	LEFT	0.532675577000191	LEFT	5	CorrectResponse	SuccessfulGo	0	0	0	0	319.125	317.135396827001	317.125
2	1.125	NULL	BLANKSCREEN	0	n/a	0	n/a	n/a	0	0	0	0	320.625	0	318.625
321.766409523001	1.5	GO	RIGHT	0.493427600000359	RIGHT	28	CorrectResponse	SuccessfulGo	0	0	0	0	321.75	319.766409523001	319.75
2	1.25	NULL	BLANKSCREEN	0	n/a	0	n/a	n/a	0	0	0	0	323.25	0	321.25
324.513206697	1.5	STOP	LEFT	0.339580410000053	LEFT	5	CorrectResponse	UnsuccessfulStop	0	2	350	-1	324.5	322.513206697	322.5
2	0.5	NULL	BLANKSCREEN	0	n/a	0	n/a	n/a	0	0	0	0	326	0	324
326.515379780001	1.5	GO	RIGHT	0.43156425000052	RIGHT	28	CorrectResponse	SuccessfulGo	0	0	0	0	326.5	324.515379780001	324.5
2	1.5	NULL	BLANKSCREEN	0	n/a	0	n/a	n/a	0	0	0	0	328	0	326
329.510228130001	1.5	GO	LEFT	0.373466552000536	LEFT	5	CorrectResponse	SuccessfulGo	0	0	0	0	329.5	327.510228130001	327.5
2	2	NULL	BLANKSCREEN	0	n/a	0	n/a	n/a	0	0	0	0	331	0	329
333.018326174	1.5	GO	RIGHT	0.402701937000529	RIGHT	28	CorrectResponse	SuccessfulGo	0	0	0	0	333	331.018326174	331
2	1	NULL	BLANKSCREEN	0	n/a	0	n/a	n/a	0	0	0	0	334.5	0	332.5
335.516862390001	1.5	GO	RIGHT	0.392545478000102	RIGHT	28	CorrectResponse	SuccessfulGo	0	0	0	0	335.5	333.516862390001	333.5
2	0.875	NULL	BLANKSCREEN	0	n/a	0	n/a	n/a	0	0	0	0	337	0	335
337.883080213001	1.5	GO	LEFT	0.352614831999745	LEFT	5	CorrectResponse	SuccessfulGo	0	0	0	0	337.875	335.883080213001	335.875
2	1.75	NULL	BLANKSCREEN	0	n/a	0	n/a	n/a	0	0	0	0	339.375	0	337.375
341.142865200001	1.5	GO	RIGHT	0.366024943001321	RIGHT	28	CorrectResponse	SuccessfulGo	0	0	0	0	341.125	339.142865200001	339.125
2	2.5	NULL	BLANKSCREEN	0	n/a	0	n/a	n/a	0	0	0	0	342.625	0	340.625
345.13057528	1.5	GO	RIGHT	0.416207087999283	RIGHT	28	CorrectResponse	SuccessfulGo	0	0	0	0	345.125	343.13057528	343.125
2	3.125	NULL	BLANKSCREEN	0	n/a	0	n/a	n/a	0	0	0	0	346.625	0	344.625
349.763833538002	1.5	GO	LEFT	0.416066481000598	LEFT	5	CorrectResponse	SuccessfulGo	0	0	0	0	349.75	347.763833538002	347.75
2	1.625	NULL	BLANKSCREEN	0	n/a	0	n/a	n/a	0	0	0	0	351.25	0	349.25
352.890976671	1.5	STOP	LEFT	0.433165804999589	LEFT	5	CorrectResponse	UnsuccessfulStop	0.302896834000421	2	300	-1	352.875	350.890976671	350.875
2	2.25	NULL	BLANKSCREEN	0	n/a	0	n/a	n/a	0	0	0	0	354.375	0	352.375
356.630677928	1.5	GO	LEFT	0.412869330000831	LEFT	5	CorrectResponse	SuccessfulGo	0	0	0	0	356.625	354.630677928	354.625
2	0.5	NULL	BLANKSCREEN	0	n/a	0	n/a	n/a	0	0	0	0	358.125	0	356.125
358.632944270001	1.5	STOP	RIGHT	0	n/a	0	IncorrectResponse	SuccessfulStop	0.201818855000965	1	200	1	358.625	356.632944270001	356.625
2	2.25	NULL	BLANKSCREEN	0	n/a	0	n/a	n/a	0	0	0	0	360.125	0	358.125
